{
    "modes": [
        {
            "index": 0,
            "strictly local log-evidence": -1331.8729082444509,
            "strictly local log-evidence error": 0.013259829910765325,
            "local log-evidence": -1331.8729082444509,
            "local log-evidence error": 0.013259829910765325,
            "mean": [
                0.09934857778085636,
                0.29961349691421113,
                0.2002511744213714,
                0.8055657521518848,
                0.8001444123895586,
                0.5995615470979174,
                0.5010029318457765
            ],
            "sigma": [
                0.000630373218374231,
                0.00044578775643256606,
                0.0010621450003172673,
                0.0026229101181112924,
                0.0005085191534976395,
                0.0004530401463405927,
                0.0019093716576570419
            ],
            "maximum": [
                0.09920525237515314,
                0.2994415466412426,
                0.20032816778353305,
                0.8055284068671016,
                0.8001223566345006,
                0.5996217952465849,
                0.5008447932929873
            ],
            "maximum a posterior": [
                0.09920525237515314,
                0.2994415466412426,
                0.20032816778353305,
                0.8055284068671016,
                0.8001223566345006,
                0.5996217952465849,
                0.5008447932929873
            ]
        }
    ],
    "nested sampling global log-evidence": -1330.6870176371456,
    "nested sampling global log-evidence error": 0.3123727536192693,
    "global evidence": -1331.8729082444509,
    "global evidence error": 0.013259829910765325,
    "nested importance sampling global log-evidence": -1331.8729082444509,
    "nested importance sampling global log-evidence error": 0.013259829910765325,
    "marginals": [
        {
            "median": 0.09933567291464589,
            "sigma": 0.0006245686249147162,
            "1sigma": [
                0.09872319371983679,
                0.09997233096966622
            ],
            "2sigma": [
                0.09810527101645969,
                0.10060645110064513
            ],
            "3sigma": [
                0.09743724827887665,
                0.10123778899404774
            ],
            "5sigma": [
                0.09582900815860004,
                0.10221083299207599
            ],
            "q75%": 0.09976905173857509,
            "q25%": 0.09892432320294234,
            "q99%": 0.10079110417198595,
            "q01%": 0.09785502963686654,
            "q90%": 0.10015746496797089,
            "q10%": 0.09853943192107241
        },
        {
            "median": 0.29962327020712826,
            "sigma": 0.0004510499850961247,
            "1sigma": [
                0.2991605886518547,
                0.30006268862204694
            ],
            "2sigma": [
                0.2987347303464292,
                0.3005036470333478
            ],
            "3sigma": [
                0.2982822272683779,
                0.30096916138630186
            ],
            "5sigma": [
                0.2975409141370013,
                0.30186723846965186
            ],
            "q75%": 0.2999087852358649,
            "q25%": 0.2993078566021352,
            "q99%": 0.3006541568118171,
            "q01%": 0.2986106141593883,
            "q90%": 0.3001833277458493,
            "q10%": 0.29903983304825354
        },
        {
            "median": 0.20024043027736088,
            "sigma": 0.0010347239451043572,
            "1sigma": [
                0.19922775660556952,
                0.20129720449577823
            ],
            "2sigma": [
                0.19811706751782987,
                0.2022957145753542
            ],
            "3sigma": [
                0.19698295112865966,
                0.20341415404651983
            ],
            "5sigma": [
                0.19500987850258525,
                0.2056034823265525
            ],
            "q75%": 0.20095519463685302,
            "q25%": 0.19955093426585843,
            "q99%": 0.20282811986702085,
            "q01%": 0.19764393213725817,
            "q90%": 0.20160507417610574,
            "q10%": 0.19891098613509642
        },
        {
            "median": 0.8055354187991371,
            "sigma": 0.0025883150657931564,
            "1sigma": [
                0.8029917624850875,
                0.8081683926166738
            ],
            "2sigma": [
                0.800387408567142,
                0.8106762014716143
            ],
            "3sigma": [
                0.7976280342990819,
                0.8133473602949518
            ],
            "5sigma": [
                0.7923057290628749,
                0.8185889040927717
            ],
            "q75%": 0.807313312482006,
            "q25%": 0.8037727282047199,
            "q99%": 0.8116579392047852,
            "q01%": 0.7996135230380677,
            "q90%": 0.808968294658464,
            "q10%": 0.802215088682084
        },
        {
            "median": 0.8001341426573557,
            "sigma": 0.0005029068707646522,
            "1sigma": [
                0.7996443992993796,
                0.8006502130409089
            ],
            "2sigma": [
                0.7991420503611688,
                0.8011698668390104
            ],
            "3sigma": [
                0.7986179205221603,
                0.801664083141279
            ],
            "5sigma": [
                0.7977015380508181,
                0.8025089528592418
            ],
            "q75%": 0.8004852968437863,
            "q25%": 0.7998139250231349,
            "q99%": 0.8013322736076833,
            "q01%": 0.7989334235498344,
            "q90%": 0.8007933634125642,
            "q10%": 0.7994861958835963
        },
        {
            "median": 0.5995709102916629,
            "sigma": 0.00044678324296260064,
            "1sigma": [
                0.5991126973399862,
                0.6000062638259114
            ],
            "2sigma": [
                0.5986605945062717,
                0.6004404207512867
            ],
            "3sigma": [
                0.5981984544785995,
                0.6009452697649847
            ],
            "5sigma": [
                0.5973143889576676,
                0.6016660873683812
            ],
            "q75%": 0.5998648653727613,
            "q25%": 0.5992563318644154,
            "q99%": 0.6006059448974841,
            "q01%": 0.598479893195499,
            "q90%": 0.6001352079265538,
            "q10%": 0.5989722473381741
        },
        {
            "median": 0.5010216401366668,
            "sigma": 0.0019288578457742622,
            "1sigma": [
                0.49906716062751594,
                0.5029248763190645
            ],
            "2sigma": [
                0.4973529546590443,
                0.5046404000843567
            ],
            "3sigma": [
                0.49525999364997747,
                0.5066675800669956
            ],
            "5sigma": [
                0.49165025582135985,
                0.5109323404409889
            ],
            "q75%": 0.5023370393766051,
            "q25%": 0.4997118388939668,
            "q99%": 0.5055993354049647,
            "q01%": 0.49659558049579344,
            "q90%": 0.5033922310555479,
            "q10%": 0.49844801425355784
        }
    ]
}